{
  "_note1": "KEEP THIS FILE! Check it into a version control system (VCS) like git.",
  "_note2": "ObjectBox manages crucial IDs for your object model. See docs for details.",
  "_note3": "If you have VCS merge conflicts, you must resolve them according to ObjectBox docs.",
  "entities": [
    {
      "id": "1:8367832973380579416",
      "lastPropertyId": "7:4309776540447583407",
      "name": "Event",
      "properties": [
        {
          "id": "1:6654651924725546957",
          "name": "id",
          "type": 6,
          "flags": 1
        },
        {
          "id": "2:3881597433514336175",
          "name": "title",
          "type": 9
        },
        {
          "id": "3:4371369758684459858",
          "name": "date",
          "type": 10
        },
        {
          "id": "4:3245282932286191696",
          "name": "imagePath",
          "type": 9
        },
        {
          "id": "5:4949432916799053593",
          "name": "repeat",
          "type": 9
        },
        {
          "id": "6:8422396586973637833",
          "name": "note",
          "type": 9
        },
        {
          "id": "7:4309776540447583407",
          "name": "song",
          "type": 9
        }
      ],
      "relations": []
    }
  ],
  "lastEntityId": "1:8367832973380579416",
  "lastIndexId": "0:0",
  "lastRelationId": "0:0",
  "lastSequenceId": "0:0",
  "modelVersion": 5,
  "modelVersionParserMinimum": 5,
  "retiredEntityUids": [],
  "retiredIndexUids": [],
  "retiredPropertyUids": [],
  "retiredRelationUids": [],
  "version": 1
}